{
  "win": 1024,
  "step": 256,
  "latent": 32,
  "threshold": 0.0765523836016655,
  "threshold_quantile": 0.99,
  "normal_files": [
    "100",
    "97",
    "98",
    "99"
  ],
  "fault_files": [
    "105",
    "106",
    "107",
    "108",
    "118"
  ],
  "fault_err_median": 0.21131470799446106,
  "fault_err_mean": 0.19457143545150757,
  "fault_err_p95": 0.23009029030799866
}